,timestamp,open,high,low,close,volume,close_time,quote_volume,trades,taker_buy_base,taker_buy_quote,ignore,SMA_20,EMA_50,MACD,MACD_signal,MACD_hist,BB_upper,BB_middle,BB_lower,RSI,STOCH_K,STOCH_D,STOCHRSI_K,STOCHRSI_D,MOM,WILLR,ROC,MFI,ATR,NATR,OBV,AD,ADOSC,CCI,CMO,TRIX,ULTOSC
0,2024-11-18 10:00:00,0.3149,0.3149,0.3092,0.3104,11715.0,1731927599999,3654.5941000,562,6645,2077.1947000,0,,,,,,,,,,,,,,,,,,,,11715.0,-6782.368421052524,,,,,
1,2024-11-18 11:00:00,0.3104,0.3168,0.3095,0.3168,33311.0,1731931199999,10395.6291000,1128,23113,7233.8153000,0,,,,,,,,,,,,,,,,,,,,45026.0,26528.631578947476,,,,,
2,2024-11-18 12:00:00,0.3168,0.3172,0.3095,0.3095,794.0,1731934799999,248.8108000,21,408,129.3438000,0,,,,,,,,,,,,,,,,,,,,44232.0,25734.631578947476,,,,,
3,2024-11-18 13:00:00,0.3095,0.3095,0.3076,0.3095,29520.0,1731938399999,9122.3745000,309,11872,3674.3840000,0,,,,,,,,,,,,,,,,,,,,44232.0,55254.631578947476,,,,,
4,2024-11-18 14:00:00,0.3095,0.3095,0.3095,0.3095,0.0,1731941999999,0,0,0,0,0,,,,,,0.3168427712561527,0.31113999999999997,0.30543722874384727,,,,,,,,,,,,44232.0,55254.631578947476,,,,,
5,2024-11-18 15:00:00,0.3095,0.3095,0.3095,0.3095,0.0,1731945599999,0,0,0,0,0,,,,,,0.3168,0.31095999999999996,0.3051199999999999,,,,,,,,,,,,44232.0,55254.631578947476,,,,,
6,2024-11-18 16:00:00,0.3095,0.3095,0.3095,0.3095,0.0,1731949199999,0,0,0,0,0,,,,,,0.3095,0.3095,0.3095,,,,,,,,,,,,44232.0,55254.631578947476,,,,,
7,2024-11-18 17:00:00,0.3095,0.3095,0.3095,0.3095,0.0,1731952799999,0,0,0,0,0,,,,,,0.3095,0.3095,0.3095,,,,,,,,,,,,44232.0,55254.631578947476,,,,,
8,2024-11-18 18:00:00,0.3095,0.3095,0.3095,0.3095,0.0,1731956399999,0,0,0,0,0,,,,,,0.3095,0.3095,0.3095,,39.93055555555561,35.416666666666764,,,,,,,,,44232.0,55254.631578947476,,,,,
9,2024-11-18 19:00:00,0.3095,0.3095,0.3095,0.3095,0.0,1731959999999,0,0,0,0,0,,,,,,0.3095,0.3095,0.3095,,33.33333333333334,39.93055555555561,,,,,,,,,44232.0,55254.631578947476,12266.548091106233,,,,
10,2024-11-18 20:00:00,0.3076,0.3076,0.3076,0.3076,646.0,1731963599999,198.7096000,1,0,0,0,,,,,,0.31063999999999437,0.30911999999999995,0.30760000000000554,,4.736951571734001e-15,24.421296296296315,,,-0.0028000000000000247,,-0.902061855670111,,,,43586.0,55254.631578947476,10129.361524115331,,,,
11,2024-11-18 21:00:00,0.3076,0.3076,0.3076,0.3076,0.0,1731967199999,0,0,0,0,0,,,,,,0.3106016122045232,0.30873999999999996,0.3068783877954767,,4.736951571734001e-15,11.111111111111114,,,-0.009200000000000041,,-2.90404040404042,,,,43586.0,55254.631578947476,8334.206880881291,,,,
12,2024-11-18 22:00:00,0.3076,0.3076,0.3076,0.3076,0.0,1731970799999,0,0,0,0,0,,,,,,0.3102216122045232,0.30835999999999997,0.3064983877954767,,4.736951571734001e-15,1.578983857244667e-15,,,-0.0019000000000000128,,-0.6138933764135768,,,,43586.0,55254.631578947476,6842.170264932705,,,,
13,2024-11-18 23:00:00,0.3076,0.3076,0.3076,0.3076,0.0,1731974399999,0,0,0,0,0,,,,,,0.30950000000001265,0.30798,0.3064599999999873,,4.736951571734001e-15,1.578983857244667e-15,,,-0.0019000000000000128,-100.0,-0.6138933764135768,,,,43586.0,55254.631578947476,5609.776170687124,-100.98598858329017,,,
14,2024-11-19 00:00:00,0.3076,0.3076,0.3076,0.3076,0.0,1731977999999,0,0,0,0,0,,,,,,0.3076,0.3076,0.3076,41.02564102564098,4.736951571734001e-15,1.578983857244667e-15,,,-0.0019000000000000128,-100.0,-0.6138933764135768,52.26499514309234,0.0013428571428571456,0.4365595392903595,43586.0,55254.631578947476,4595.635298433292,-88.7533156498666,-17.948717948718045,,
15,2024-11-19 01:00:00,0.3076,0.3076,0.3076,0.3076,0.0,1731981599999,0,0,0,0,0,,,,,,0.3076,0.3076,0.3076,41.02564102564098,4.736951571734001e-15,1.578983857244667e-15,,,-0.0019000000000000128,-100.0,-0.6138933764135768,0.0,0.0012469387755102066,0.4053767150553338,43586.0,55254.631578947476,3762.974459926423,-77.7777777777766,-17.94871794871804,,
16,2024-11-19 02:00:00,0.3076,0.3076,0.3076,0.3076,0.0,1731985199999,0,0,0,0,0,,,,,,0.3076,0.3076,0.3076,41.02564102564098,4.736951571734001e-15,1.578983857244667e-15,,,-0.0019000000000000128,-100.00000000000001,-0.6138933764135768,0.0,0.0011578717201166204,0.3764212354085242,43586.0,55254.631578947476,3080.251893271212,-66.66666666666637,-17.94871794871804,,
17,2024-11-19 03:00:00,0.3076,0.3076,0.3076,0.3076,0.0,1731988799999,0,0,0,0,0,,,,,,0.3076,0.3076,0.3076,41.02564102564098,4.736951571734001e-15,1.578983857244667e-15,,,-0.0019000000000000128,-100.00000000000001,-0.6138933764135768,0.0,0.0010751665972511474,0.3495340043079153,43586.0,55254.631578947476,2520.9333984330588,-58.333333333329364,-17.948717948718038,,
18,2024-11-19 04:00:00,0.3076,0.3076,0.3076,0.3076,0.0,1731992399999,0,0,0,0,0,,,,,,0.3076,0.3076,0.3076,41.02564102564098,4.736951571734001e-15,1.578983857244667e-15,,,-0.0019000000000000128,-100.00000000000001,-0.6138933764135768,0.0,0.0009983689831617798,0.3245672897144928,43586.0,55254.631578947476,2062.9455234144552,-51.85185185184761,-17.948717948718038,,
19,2024-11-19 05:00:00,0.3076,0.3076,0.3076,0.3076,0.0,1731995999999,0,0,0,0,0,0.3089599999999999,,,,,0.3076,0.3076,0.3076,41.02564102564098,4.736951571734001e-15,1.578983857244667e-15,,,-0.0019000000000000128,-100.00000000000001,-0.6138933764135768,0.0,0.0009270569129359384,0.3013839118777433,43586.0,55254.631578947476,1688.046345141891,-46.666666666665236,-17.948717948718038,,
20,2024-11-19 06:00:00,0.3076,0.3076,0.3076,0.3076,0.0,1731999599999,0,0,0,0,0,0.30881999999999993,,,,,0.3076,0.3076,0.3076,41.02564102564099,4.736951571734001e-15,1.578983857244667e-15,100.0,33.333333333333336,0.0,-100.00000000000001,0.0,0.0,0.0008608385620119429,0.2798564896007617,43586.0,55254.631578947476,1381.2197408356733,-42.42424242424032,-17.948717948718034,,
21,2024-11-19 07:00:00,0.3076,0.3076,0.3076,0.3076,0.0,1732003199999,0,0,0,0,0,0.3083599999999999,,,,,0.3076,0.3076,0.3076,41.02564102564099,4.736951571734001e-15,1.578983857244667e-15,100.0,66.66666666666667,0.0,-100.00000000000001,0.0,0.0,0.0007993500932968041,0.2598667403435644,43586.0,55254.631578947476,1130.1343353617121,-38.888888888885575,-17.948717948718034,,
22,2024-11-19 08:00:00,0.3076,0.3076,0.3076,0.3076,0.0,1732006799999,0,0,0,0,0,0.3082649999999999,,,,,0.3076,0.3076,0.3076,41.02564102564098,4.736951571734001e-15,1.578983857244667e-15,0.0,66.66666666666667,0.0,-100.00000000000001,0.0,0.0,0.0007422536580613181,0.2413048303190241,43586.0,55254.631578947476,924.6780935440329,-35.89743589742912,-17.94871794871804,,
23,2024-11-19 09:00:00,0.3076,0.3076,0.3076,0.3076,0.0,1732010399999,0,0,0,0,0,0.30816999999999994,,,,,0.3076,0.3076,0.3076,41.02564102564098,4.736951571734001e-15,1.578983857244667e-15,0.0,33.333333333333336,0.0,0.0,0.0,0.0,0.0006892355396283669,0.22406877101052242,43586.0,55254.631578947476,756.5661679327895,66.66666666666667,-17.94871794871804,,
24,2024-11-19 10:00:00,0.3076,0.3076,0.3076,0.3076,0.0,1732013999999,0,0,0,0,0,0.30807499999999993,,,,,0.3076,0.3076,0.3076,41.02564102564097,4.736951571734001e-15,1.578983857244667e-15,0.0,0.0,0.0,0.0,0.0,0.0,0.0006400044296549121,0.2080638587954851,43586.0,55254.631578947476,619.0143649161182,66.66666666666667,-17.94871794871804,,
25,2024-11-19 11:00:00,0.3076,0.3076,0.3076,0.3076,0.0,1732017599999,0,0,0,0,0,0.3079799999999999,,,,,0.3076,0.3076,0.3076,41.02564102564098,4.736951571734001e-15,1.578983857244667e-15,50.0,16.666666666666668,0.0,0.0,0.0,0.0,0.0005942898275367042,0.1932021545958076,43586.0,55254.631578947476,506.46913959874655,66.66666666666667,-17.948717948718038,,
26,2024-11-19 12:00:00,0.3076,0.3076,0.3076,0.3076,0.0,1732021199999,0,0,0,0,0,0.3078849999999999,,,,,0.3076,0.3076,0.3076,41.02564102564098,4.736951571734001e-15,1.578983857244667e-15,100.0,50.0,0.0,0.0,0.0,0.0,0.0005518405541412254,0.1794020006961071,43586.0,55254.631578947476,414.3852620053949,66.66666666666667,-17.948717948718045,,
27,2024-11-19 13:00:00,0.3076,0.3076,0.3076,0.3076,0.0,1732024799999,0,0,0,0,0,0.3077899999999999,,,,,0.3076,0.3076,0.3076,41.02564102564098,4.736951571734001e-15,1.578983857244667e-15,100.0,83.33333333333333,0.0,0.0,0.0,0.0,0.0005124233717025664,0.16658757207495659,43586.0,55254.631578947476,339.04319735307945,66.66666666666667,-17.948717948718038,,
28,2024-11-19 14:00:00,0.3076,0.3076,0.3076,0.3076,0.0,1732028399999,0,0,0,0,0,0.30769499999999994,,,,,0.3076,0.3076,0.3076,41.02564102564099,4.736951571734001e-15,1.578983857244667e-15,100.0,100.0,0.0,0.0,0.0,0.0,0.0004758217022952402,0.15468845978388823,43586.0,55254.631578947476,277.39933478139574,66.66666666666667,-17.948717948718038,,6.990881458966583
29,2024-11-19 15:00:00,0.3076,0.3076,0.3076,0.3076,0.0,1732031999999,0,0,0,0,0,0.30759999999999993,,,,,0.3076,0.3076,0.3076,41.02564102564099,4.736951571734001e-15,1.578983857244667e-15,100.0,100.0,0.0,0.0,0.0,0.0,0.00044183443784558016,0.14363928408503907,43586.0,55254.631578947476,226.96326965831395,66.66666666666667,-17.948717948718027,,2.3602484472049827
30,2024-11-19 16:00:00,0.3076,0.3076,0.3076,0.3076,0.0,1732035599999,0,0,0,0,0,0.30759999999999993,,,,,0.3076,0.3076,0.3076,41.02564102564099,4.736951571734001e-15,1.578983857244667e-15,100.0,100.0,0.0,0.0,0.0,0.0,0.00041027483514232446,0.13337933522182202,43586.0,55254.631578947476,185.69730941175658,66.66666666666667,-17.94871794871803,,7.142857142857142
31,2024-11-19 17:00:00,0.3076,0.3076,0.3076,0.3076,0.0,1732039199999,0,0,0,0,0,0.30759999999999993,,,,,0.3076,0.3076,0.3076,41.02564102564098,4.736951571734001e-15,1.578983857244667e-15,0.0,66.66666666666667,0.0,0.0,0.0,0.0,0.0003809694897750156,0.12385223984883473,43586.0,55254.631578947476,151.93420663710276,66.66666666666667,-17.94871794871803,,0.0
32,2024-11-19 18:00:00,0.3076,0.3076,0.3076,0.3076,0.0,1732042799999,0,0,0,0,0,0.30759999999999993,,,,,0.3076,0.3076,0.3076,41.02564102564099,4.736951571734001e-15,1.578983857244667e-15,100.0,66.66666666666667,0.0,0.0,0.0,0.0,0.00035375738336251454,0.1150056512882037,43586.0,55254.631578947476,124.30982762591157,66.66666666666667,-17.94871794871803,,0.0
33,2024-11-19 19:00:00,0.3076,0.3076,0.3076,0.3076,0.0,1732046399999,0,0,0,0,0,0.30759999999999993,,-0.0005652043714790556,-0.000784224697732193,0.00021902032625313746,0.3076,0.3076,0.3076,41.025641025640994,4.736951571734001e-15,1.578983857244667e-15,100.0,66.66666666666667,0.0,0.0,0.0,0.0,0.00032848899883662066,0.10679096191047487,43586.0,55254.631578947476,101.70805188261147,66.66666666666667,-17.948717948718027,,0.0
34,2024-11-19 20:00:00,0.3076,0.3076,0.3076,0.3076,0.0,1732049999999,0,0,0,0,0,0.30759999999999993,,-0.0005233373809991337,-0.0007320472343855811,0.0002087098533864474,0.3076,0.3076,0.3076,41.02564102564098,4.736951571734001e-15,1.578983857244667e-15,0.0,66.66666666666667,0.0,0.0,0.0,0.0,0.00030502549891971923,0.09916303605972668,43586.0,55254.631578947476,83.21568436194502,66.66666666666667,-17.948717948718034,,0.0
35,2024-11-19 21:00:00,0.3076,0.3076,0.3076,0.3076,0.0,1732053599999,0,0,0,0,0,0.30759999999999993,,-0.0004845716490732843,-0.0006825521173231218,0.0001979804682498375,0.3076,0.3076,0.3076,41.02564102564098,4.736951571734001e-15,1.578983857244667e-15,0.0,33.333333333333336,0.0,0.0,0.0,0.0,0.0002832379632825964,0.09207996205546048,43586.0,55254.631578947476,68.08556270695408,66.66666666666667,-17.948717948718038,,0.0
36,2024-11-19 22:00:00,0.3076,0.3076,0.3076,0.3076,0.0,1732057199999,0,0,0,0,0,0.30759999999999993,,-0.0004486774528456583,-0.0006357771844276291,0.00018709973158197082,0.3076,0.3076,0.3076,41.02564102564098,4.736951571734001e-15,1.578983857244667e-15,0.0,0.0,0.0,0.0,0.0,0.0,0.00026300668019098235,0.08550282190864186,43586.0,55254.631578947476,55.706370874730055,66.66666666666667,-17.948717948718038,,0.0
37,2024-11-19 23:00:00,0.3076,0.3076,0.3076,0.3076,0.0,1732060799999,0,0,0,0,0,0.30759999999999993,,-0.00041544208596822063,-0.0005917101647357475,0.00017626807876752683,0.3076,0.3076,0.3076,41.02564102564098,4.736951571734001e-15,1.578983857244667e-15,0.0,0.0,0.0,0.0,0.0,0.0,0.00024422048874876934,0.07939547748659602,43586.0,55254.631578947476,45.577940500217665,66.66666666666667,-17.948717948718045,,0.0
38,2024-11-20 00:00:00,0.3076,0.3076,0.3076,0.3076,0.0,1732064399999,0,0,0,0,0,0.30759999999999993,,-0.00038466859811875365,-0.0005503018514123487,0.00016563325329359507,0.3076,0.3076,0.3076,41.02564102564098,4.736951571734001e-15,1.578983857244667e-15,0.0,0.0,0.0,0.0,0.0,0.0,0.00022677616812385724,0.07372437195183916,43586.0,55254.631578947476,37.291042574259336,66.66666666666667,-17.948717948718045,,0.0
39,2024-11-20 01:00:00,0.3076,0.3076,0.3076,0.3076,0.0,1732067999999,0,0,0,0,0,0.30759999999999993,,-0.0003561746278877287,-0.0005114764067074248,0.00015530177881969607,0.3076,0.3076,0.3076,41.02564102564098,4.736951571734001e-15,1.578983857244667e-15,0.0,0.0,0.0,0.0,0.0,0.0,0.00021057787040072457,0.06845834538385065,43586.0,55254.631578947476,30.510853188716283,66.66666666666667,-17.948717948718045,,0.0
40,2024-11-20 02:00:00,0.3076,0.3076,0.3076,0.3076,0.0,1732071599999,0,0,0,0,0,0.30759999999999993,,-0.0003297913221182447,-0.00047513938978958875,0.00014534806767134407,0.3076,0.3076,0.3076,41.02564102564097,4.736951571734001e-15,1.578983857244667e-15,0.0,0.0,0.0,0.0,0.0,0.0,0.00019553659394352997,0.06356846357071845,43586.0,55254.631578947476,24.963425422931323,66.66666666666667,-17.94871794871804,,0.0
41,2024-11-20 03:00:00,0.3076,0.3076,0.3076,0.3076,0.0,1732075199999,0,0,0,0,0,0.30759999999999993,,-0.0003053623352946566,-0.0004411839788906023,0.0001358216435959457,0.3076,0.3076,0.3076,41.02564102564097,4.736951571734001e-15,1.578983857244667e-15,0.0,0.0,0.0,0.0,0.0,0.0,0.00018156969437613498,0.05902785902995286,43586.0,55254.631578947476,20.42462084393628,66.66666666666667,-17.948717948718045,,0.0
42,2024-11-20 04:00:00,0.3076,0.3076,0.3076,0.3076,0.0,1732078799999,0,0,0,0,0,0.30759999999999993,,-0.00028274290305063676,-0.0004094957637226092,0.00012675286067197243,0.3076,0.3076,0.3076,41.025641025640965,4.736951571734001e-15,1.578983857244667e-15,0.0,0.0,0.0,0.0,0.0,0.0,0.00016860043049212535,0.054811583384956224,43586.0,55254.631578947476,16.711053439445095,66.66666666666667,-17.94871794871805,,0.0
43,2024-11-20 05:00:00,0.3076,0.3076,0.3076,0.3076,65.0,1732082399999,19.9940000,1,0,0,0,0.30759999999999993,,-0.0002617989843061719,-0.00037995640783932175,0.00011815742353314988,0.3076,0.3076,0.3076,41.02564102564098,4.736951571734001e-15,1.578983857244667e-15,100.0,33.333333333333336,0.0,0.0,0.0,0.0,0.00015655754259983067,0.05089647028603078,43586.0,55254.631578947476,13.67268009766849,66.66666666666667,-17.948717948718052,,0.0
44,2024-11-20 06:00:00,0.3076,0.3076,0.3076,0.3076,0.0,1732085999999,0,0,0,0,0,0.30759999999999993,,-0.00024240646695017354,-0.0003524464196614921,0.00011003995271131856,0.3076,0.3076,0.3076,41.025641025640965,4.736951571734001e-15,1.578983857244667e-15,0.0,33.333333333333336,0.0,0.0,0.0,0.0,0.00014537486098555705,0.04726100812274287,43586.0,55254.631578947476,11.186738267162582,66.66666666666667,-17.948717948718063,,0.0
45,2024-11-20 07:00:00,0.3076,0.3076,0.3076,0.3076,9331.0,1732089599999,2870.2156000,3,0,0,0,0.30759999999999993,,-0.00022445043236130058,-0.0003268472222014538,0.00010239678984015323,0.3076,0.3076,0.3076,41.025641025640965,4.736951571734001e-15,1.578983857244667e-15,0.0,33.333333333333336,0.0,0.0,0.0,0.0,0.00013499094234373154,0.04388522182826123,43586.0,55254.631578947476,9.152785857666458,66.66666666666667,-17.948717948718066,,0.0
46,2024-11-20 08:00:00,0.3076,0.3076,0.3076,0.3076,0.0,1732093199999,0,0,0,0,0,0.30759999999999993,,-0.0002078244744085911,-0.0003030426726428813,9.52181982342902e-05,0.3076,0.3076,0.3076,41.025641025640965,4.736951571734001e-15,1.578983857244667e-15,0.0,0.0,0.0,0.0,0.0,0.0,0.00012534873217632216,0.040750563126242575,43586.0,55254.631578947476,7.488642975818948,66.66666666666667,-17.948717948718063,,0.0
47,2024-11-20 09:00:00,0.3076,0.3076,0.3076,0.3076,0.0,1732096799999,0,0,0,0,0,0.30759999999999993,,-0.00019243006889685388,-0.0002809201518936758,8.849008299682191e-05,0.3076,0.3076,0.3076,41.025641025640965,4.736951571734001e-15,1.578983857244667e-15,0.0,0.0,0.0,0.0,0.0,0.0,0.00011639525130658486,0.03783980861722525,43586.0,55254.631578947476,6.127071526352665,66.66666666666667,-17.948717948718055,,0.0
48,2024-11-20 10:00:00,0.3076,0.3076,0.3076,0.3076,0.0,1732100399999,0,0,0,0,0,0.30759999999999993,,-0.00017817598971930915,-0.0002603713194588025,8.219532973949333e-05,0.3076,0.3076,0.3076,41.025641025640965,4.736951571734001e-15,1.578983857244667e-15,0.0,0.0,0.0,0.0,0.0,0.0,0.00010808130478468594,0.0351369651445663,43586.0,55254.631578947476,5.013058521908533,66.66666666666667,-17.948717948718055,,0.0
49,2024-11-20 11:00:00,0.3076,0.3076,0.3076,0.3076,0.0,1732103999999,0,0,0,0,0,0.30759999999999993,0.3081440000000003,-0.00016497776825863397,-0.00024129260921876877,7.63148409601348e-05,0.3076,0.3076,0.3076,41.02564102564097,4.736951571734001e-15,1.578983857244667e-15,100.0,33.333333333333336,0.0,0.0,0.0,0.0,0.0001003612115857798,0.03262718191995442,43586.0,55254.631578947476,4.10159333627962,66.66666666666667,-17.948717948718055,,0.0
50,2024-11-20 12:00:00,0.3076,0.3076,0.3076,0.3076,0.0,1732107599999,0,0,0,0,0,0.30759999999999993,0.30812266666666693,-0.000152757192832087,-0.0002235855259414324,7.082833310934541e-05,0.3076,0.3076,0.3076,41.02564102564097,4.736951571734001e-15,1.578983857244667e-15,100.0,66.66666666666667,0.0,0.0,0.0,0.0,9.319255361536697e-05,0.03029666892567197,43586.0,55254.631578947476,3.355849093408324,66.66666666666667,-17.948717948718055,,0.0
51,2024-11-20 13:00:00,0.3076,0.3076,0.3076,0.3076,0.0,1732111199999,0,0,0,0,0,0.30759999999999993,0.3081021699346408,-0.00014144184521491798,-0.00020715678979612952,6.571494458121154e-05,0.3076,0.3076,0.3076,41.02564102564097,4.736951571734001e-15,1.578983857244667e-15,100.0,100.0,0.0,0.0,0.0,0.0,8.653594264284075e-05,0.028132621145266823,43586.0,55254.631578947476,2.7456947128303,66.66666666666667,-17.948717948718055,,0.0
52,2024-11-20 14:00:00,0.3076,0.3076,0.3076,0.3076,0.0,1732114799999,0,0,0,0,0,0.30759999999999993,0.3080824769960274,-0.000130964671495315,-0.0001919183661359666,6.0953694640651624e-05,0.3076,0.3076,0.3076,41.02564102564097,4.736951571734001e-15,1.578983857244667e-15,100.0,100.0,0.0,0.0,0.0,0.0,8.035480388263783e-05,0.026123148206319193,43586.0,55254.631578947476,2.2464774923428195,66.66666666666667,-17.94871794871806,,0.0
53,2024-11-20 15:00:00,0.3075,0.3075,0.2587,0.2587,11625.0,1732118399999,3294.8707000,138,0,0,0,0.30515499999999995,0.306145909270693,-0.0040221182855725846,-0.0009579583500232903,-0.003064159935549294,0.3369400000000004,0.29782,0.25869999999999954,0.7145581103900851,4.736951571734001e-15,1.578983857244667e-15,0.0,66.66666666666667,-0.0489,-100.0,-15.897269180754225,0.0,0.0035674723178910207,1.378999736332053,31961.0,43629.631578947476,-3697.0256093244316,-466.6666666666611,-98.57088377921983,,0.0
54,2024-11-20 16:00:00,0.2587,0.2587,0.2587,0.2587,0.0,1732121999999,0,0,0,0,0,0.3027099999999999,0.30428528537772465,-0.007024906806167908,-0.002171348041252214,-0.004853558764915694,0.33595201936883945,0.28803999999999996,0.24012798063116048,0.7145581103900851,4.736951571734001e-15,1.578983857244667e-15,0.0,33.333333333333336,-0.0489,-100.0,-15.897269180754225,0.0,0.0033126528666130904,1.2804997551654775,31961.0,43629.631578947476,-4874.270953083615,-287.64422640138133,-98.57088377921984,,0.0
55,2024-11-20 17:00:00,0.2587,0.2587,0.2587,0.2587,0.0,1732125599999,0,0,0,0,0,0.30026499999999995,0.3024976271276178,-0.0092974629769344,-0.0035965710283886515,-0.005700891948545749,0.3261720193688411,0.2782599999999999,0.23034798063115866,0.7145581103900851,4.736951571734001e-15,1.578983857244667e-15,0.0,0.0,-0.0489,-100.0,-15.897269180754225,0.0,0.0030760348047121555,1.189035486939372,31961.0,43629.631578947476,-4912.755779795676,-180.24611047866827,-98.57088377921983,,0.0
56,2024-11-20 18:00:00,0.2587,0.2587,0.2587,0.2587,0.0,1732129199999,0,0,0,0,0,0.29782,0.3007800731226132,-0.010972001709279255,-0.005071657164566772,-0.0059003445447124835,0.3076000000000024,0.2684799999999999,0.22935999999999732,0.714558110390085,4.736951571734001e-15,1.578983857244667e-15,0.0,0.0,-0.0489,-100.0,-15.897269180754225,0.0,0.0028563180329470015,1.1041043807294169,31961.0,43629.631578947476,-4481.88541074191,-131.48203221809158,-98.57088377921983,,0.0
57,2024-11-20 19:00:00,0.2587,0.2587,0.2587,0.2587,0.0,1732132799999,0,0,0,0,0,0.295375,0.29912987417662834,-0.012158925198047676,-0.006489110771262953,-0.0056698144267847235,0.2586999999999998,0.2586999999999998,0.2586999999999998,0.714558110390085,4.736951571734001e-15,1.578983857244667e-15,0.0,0.0,-0.0489,-100.0,-15.897269180754225,0.0,0.00265229531630793,1.0252397821058872,31961.0,43629.631578947476,-3898.1761315161057,-103.68098491364152,-98.57088377921983,,0.0
58,2024-11-20 20:00:00,0.2587,0.2587,0.2587,0.2587,0.0,1732136399999,0,0,0,0,0,0.29293,0.2975443889147998,-0.012950287758216161,-0.007781346168653594,-0.005168941589562567,0.2586999999999998,0.2586999999999998,0.2586999999999998,0.714558110390085,4.736951571734001e-15,1.578983857244667e-15,0.0,0.0,-0.0489,-100.0,-15.897269180754225,0.0,0.0024628456508573636,0.9520083690983238,31961.0,43629.631578947476,-3305.0063235131747,-85.76697939218973,-98.57088377921983,,0.0
59,2024-11-20 21:00:00,0.2587,0.2587,0.2587,0.2587,0.0,1732139999999,0,0,0,0,0,0.290485,0.2960210795455919,-0.013422719533183303,-0.008909620841559536,-0.004513098691623767,0.2586999999999998,0.2586999999999998,0.2586999999999998,0.7145581103900852,4.736951571734001e-15,1.578983857244667e-15,100.0,33.333333333333336,-0.0489,-100.0,-15.897269180754225,0.0,0.002286928104367552,0.8840077713055864,31961.0,43629.631578947476,-2761.8908271925975,-73.31901986845249,-98.57088377921986,,0.0
60,2024-11-20 22:00:00,0.2587,0.2587,0.2587,0.2587,0.0,1732143599999,0,0,0,0,0,0.28804,0.294557507798706,-0.01363989292344886,-0.0098556752579374,-0.0037842176655114596,0.2586999999999998,0.2586999999999998,0.2586999999999998,0.7145581103900851,4.736951571734001e-15,1.578983857244667e-15,50.0,50.0,-0.0489,-100.0,-15.897269180754225,0.0,0.002123576096912727,0.8208643590694731,31961.0,43629.631578947476,-2288.6262307712095,-64.23858068594905,-98.57088377921983,,0.0
61,2024-11-20 23:00:00,0.2587,0.2587,0.2587,0.2587,0.0,1732147199999,0,0,0,0,0,0.28559500000000004,0.29315133102228613,-0.013654602640341296,-0.01061546073441818,-0.0030391419059231164,0.2586999999999998,0.2586999999999998,0.2586999999999998,0.7145581103900852,4.736951571734001e-15,1.578983857244667e-15,100.0,83.33333333333333,-0.0489,-100.0,-15.897269180754225,0.0,0.001971892089990389,0.7622311905645107,31961.0,43629.631578947476,-1886.9610567105337,-57.424039847948585,-98.57088377921983,,0.0
62,2024-11-21 00:00:00,0.2587,0.2587,0.2587,0.2587,0.0,1732150799999,0,0,0,0,0,0.28315000000000007,0.2918002984331769,-0.013510519340010962,-0.011194472455536736,-0.002316046884474227,0.2586999999999998,0.2586999999999998,0.2586999999999998,0.7145581103900852,4.736951571734001e-15,1.578983857244667e-15,100.0,83.33333333333333,-0.0489,-100.0,-15.897269180754225,0.0,0.0018310426549910754,0.7077861055241884,31961.0,43629.631578947476,-1551.1015712574808,-51.85185185185185,-98.57088377921983,,0.0
63,2024-11-21 01:00:00,0.2587,0.2587,0.2587,0.2587,0.0,1732154399999,0,0,0,0,0,0.2807050000000001,0.29050224751422876,-0.01324366753103412,-0.011604311470636213,-0.001639356060397907,0.2586999999999998,0.2586999999999998,0.2586999999999998,0.7145581103900852,4.736951571734001e-15,1.578983857244667e-15,100.0,100.0,0.0,-100.0,0.0,0.0,0.0017002538939202842,0.6572299551296035,31961.0,43629.631578947476,-1272.6952752760044,-46.6666666666667,-98.57088377921983,,0.0
64,2024-11-21 02:00:00,0.2587,0.2587,0.2587,0.2587,3986.0,1732157999999,1031.1782000,1,0,0,0,0.27826000000000006,0.28925510055288645,-0.012883670614815379,-0.011860183299472046,-0.001023487315343333,0.2586999999999998,0.2586999999999998,0.2586999999999998,0.7145581103900853,4.736951571734001e-15,1.578983857244667e-15,100.0,100.0,0.0,-100.0,0.0,0.0,0.0015788071872116925,0.6102849583346319,31961.0,43629.631578947476,-1043.1022200766674,-42.42424242424251,-98.57088377921983,,0.0
65,2024-11-21 03:00:00,0.2587,0.2587,0.2587,0.2587,0.0,1732161599999,0,0,0,0,0,0.2758150000000001,0.28805686131551833,-0.012454799291683138,-0.011979106497914265,-0.00047569279376887333,0.2586999999999998,0.2586999999999998,0.2586999999999998,0.7145581103900853,4.736951571734001e-15,1.578983857244667e-15,100.0,100.0,0.0,-100.0,0.0,0.0,0.0014660352452680002,0.5666931755964438,31961.0,43629.631578947476,-854.3503138517844,-38.88888888888906,-98.57088377921983,,0.0
66,2024-11-21 04:00:00,0.17,0.17,0.17,0.17,1932.0,1732165199999,328.4400000,1,0,0,0,0.2689350000000001,0.2834271804796156,-0.019052637436902248,-0.013393812685711862,-0.005658824751190386,0.31192000000000164,0.24095999999999984,0.16999999999999804,0.1260081416944393,4.736951571734001e-15,1.578983857244667e-15,0.0,66.66666666666667,-0.08869999999999997,-100.0,-34.28681870892925,0.0,0.0076970327277488555,4.527666310440503,30029.0,43629.631578947476,-699.4654145914392,-466.66666666666873,-99.74798371661112,,0.0
67,2024-11-21 05:00:00,0.17,0.17,0.17,0.17,294.0,1732168799999,49.9800000,1,0,0,0,0.2620550000000001,0.2789790557549248,-0.024004759773619155,-0.015516002103293321,-0.008488757670325834,0.3101278960739482,0.22321999999999984,0.13631210392605145,0.1260081416944393,4.736951571734001e-15,1.578983857244667e-15,0.0,33.333333333333336,-0.08869999999999997,-100.0,-34.28681870892925,0.0,0.007147244675766795,4.204261573980467,30029.0,43629.631578947476,-572.5156453857126,-233.33333333333377,-99.74798371661113,,0.0
68,2024-11-21 06:00:00,0.17,0.17,0.17,0.17,0.0,1732172399999,0,0,0,0,0,0.2551750000000001,0.2747053672939474,-0.027611069185307674,-0.01793501551969619,-0.009676053665611483,0.2923878960739484,0.20547999999999983,0.11857210392605129,0.12600814169443933,4.736951571734001e-15,1.578983857244667e-15,4.715925085705343e-15,1.5719750285684477e-15,-0.08869999999999997,-100.0,-34.28681870892925,0.0,0.006636727198926309,3.903957175839005,30029.0,43629.631578947476,-468.5347720392092,-155.55555555555569,-99.74798371661112,,0.0
69,2024-11-21 07:00:00,0.17,0.17,0.17,0.17,23909.0,1732175999999,4064.5300000,1,0,0,0,0.2482950000000001,0.27059927445889065,-0.030121869217994646,-0.020372386259355883,-0.009749482958638762,0.25870000000000104,0.18773999999999985,0.11677999999999865,0.1260081416944393,4.736951571734001e-15,1.578983857244667e-15,0.0,1.5719750285684477e-15,-0.08869999999999997,-100.0,-34.28681870892925,0.0,0.006162675256145858,3.6251030918505047,30029.0,43629.631578947476,-383.4030718484355,-116.66666666666669,-99.74798371661112,,0.0
70,2024-11-21 08:00:00,0.17,0.17,0.17,0.17,0.0,1732179599999,0,0,0,0,0,0.2414150000000001,0.2666542048722675,-0.031745751075877654,-0.022647059222660238,-0.009098691853217416,0.16999999999999987,0.16999999999999987,0.16999999999999987,0.1260081416944393,4.736951571734001e-15,1.578983857244667e-15,0.0,1.5719750285684477e-15,-0.08869999999999997,-100.0,-34.28681870892925,0.0,0.0057224841664211545,3.3661671567183262,30029.0,43629.631578947476,-313.7216425114457,-93.33333333333326,-99.74798371661112,,0.0
71,2024-11-21 09:00:00,0.17,0.17,0.17,0.17,0.0,1732183199999,0,0,0,0,0,0.2345350000000001,0.26286384389688444,-0.032656248245719,-0.02464889702727199,-0.00800735121844701,0.16999999999999987,0.16999999999999987,0.16999999999999987,0.1260081416944393,4.736951571734001e-15,1.578983857244667e-15,0.0,0.0,-0.08869999999999997,-100.0,-34.28681870892925,0.0,0.005313735297391072,3.1257266455241592,30029.0,43629.631578947476,-256.69545391800057,-77.77777777777769,-99.74798371661112,,0.0
72,2024-11-21 10:00:00,0.17,0.17,0.17,0.17,0.0,1732186799999,0,0,0,0,0,0.2276550000000001,0.25922212452837917,-0.03299744975205374,-0.02631860757222834,-0.0066788421798253984,0.16999999999999987,0.16999999999999987,0.16999999999999987,0.12600814169443933,4.736951571734001e-15,1.578983857244667e-15,100.0,33.333333333333336,-0.08869999999999997,-100.0,-34.28681870892925,0.0,0.004934182776148853,2.9024604565581487,30029.0,43629.631578947476,-210.0306082281313,-66.66666666666664,-99.74798371661113,,0.0
73,2024-11-21 11:00:00,0.17,0.17,0.17,0.17,346.0,1732190399999,58.8200000,2,0,0,0,0.2232200000000001,0.25572321768412903,-0.03288873355613875,-0.027632632769010422,-0.0052561007871283275,0.16999999999999987,0.16999999999999987,0.16999999999999987,0.1260081416944393,4.736951571734001e-15,1.578983857244667e-15,0.0,33.333333333333336,-0.08869999999999997,-100.0,-34.28681870892925,0.0,0.004581741149281078,2.6951418525182813,30029.0,43629.631578947476,-171.8467524251755,-58.33333333333328,-99.74798371661112,,0.0
74,2024-11-21 12:00:00,0.17,0.17,0.17,0.17,0.0,1732193999999,0,0,0,0,0,0.2187850000000001,0.25236152287298674,-0.0324287566669616,-0.028591857548600656,-0.003836899118360944,0.16999999999999987,0.16999999999999987,0.16999999999999987,0.12600814169443933,4.736951571734001e-15,1.578983857244667e-15,100.0,66.66666666666667,-0.08869999999999997,-100.0,-34.28681870892925,0.0,0.00425447392433243,2.502631720195547,30029.0,43629.631578947476,-140.60365210349119,-51.851851851851826,-99.74798371661112,,0.0
75,2024-11-21 13:00:00,0.17,0.17,0.17,0.17,0.0,1732197599999,0,0,0,0,0,0.2143500000000001,0.24913165923090883,-0.031698817432797594,-0.029213249525440042,-0.0024855679073575512,0.16999999999999987,0.16999999999999987,0.16999999999999987,0.12600814169443933,4.736951571734001e-15,1.578983857244667e-15,100.0,66.66666666666667,-0.08869999999999997,-100.0,-34.28681870892925,0.0,0.003950582929737256,2.3238723116101507,30029.0,43629.631578947476,-115.04023359884741,-46.66666666666659,-99.74798371661113,,0.0
76,2024-11-21 14:00:00,0.17,0.17,0.17,0.17,0.0,1732201199999,0,0,0,0,0,0.20991500000000007,0.24602845690812808,-0.030765687634717015,-0.029523737147295438,-0.0012419504874215774,0.16999999999999987,0.16999999999999987,0.16999999999999987,0.1260081416944393,4.736951571734001e-15,1.578983857244667e-15,0.0,66.66666666666667,0.0,-100.0,0.0,0.0,0.0036683984347560235,2.1578814322094257,30029.0,43629.631578947476,-94.12426842886634,-42.4242424242424,-99.74798371661112,,0.0
77,2024-11-21 15:00:00,0.17,0.17,0.17,0.17,0.0,1732204799999,0,0,0,0,0,0.20548000000000005,0.24304694879408384,-0.029683996908189847,-0.02955578909947432,-0.0001282078087155268,0.16999999999999987,0.16999999999999987,0.16999999999999987,0.1260081416944393,4.736951571734001e-15,1.578983857244667e-15,0.0,33.333333333333336,0.0,-100.0,0.0,0.0,0.0034063699751305933,2.0037470441944665,30029.0,43629.631578947476,-77.0109855476112,-38.88888888888881,-99.74798371661112,,0.0
78,2024-11-21 16:00:00,0.17,0.17,0.17,0.17,0.0,1732208399999,0,0,0,0,0,0.20104500000000006,0.24018236256686487,-0.028498239251700586,-0.029344279129919573,0.0008460398782189869,0.16999999999999987,0.16999999999999987,0.16999999999999987,0.12600814169443933,4.736951571734001e-15,1.578983857244667e-15,100.0,33.333333333333336,0.0,-100.0,0.0,0.0,0.0031630578340498365,1.8606222553234333,30029.0,43629.631578947476,-63.00909841003886,-35.89743589743579,-99.74798371661112,,0.0
79,2024-11-21 17:00:00,0.17,0.17,0.17,0.17,0.0,1732211999999,0,0,0,0,0,0.19661000000000003,0.23743011305443879,-0.027244460583491642,-0.028924315420633985,0.001679854837142343,0.16999999999999987,0.16999999999999987,0.16999999999999987,0.12600814169443933,4.736951571734001e-15,1.578983857244667e-15,100.0,66.66666666666667,0.0,0.0,0.0,0.0,0.0029371251316177055,1.7277206656574735,30029.0,43629.631578947476,-51.55295381648466,66.66666666666667,-99.74798371661112,,0.0
80,2024-11-21 18:00:00,0.17,0.17,0.17,0.17,2527.0,1732215599999,429.5900000,6,0,0,0,0.19217500000000004,0.23478579489544119,-0.025951677175823723,-0.028329787771671933,0.0023781105958482103,0.16999999999999987,0.16999999999999987,0.16999999999999987,0.12600814169443933,4.736951571734001e-15,1.578983857244667e-15,100.0,100.0,0.0,0.0,0.0,0.0,0.002727330479359298,1.60431204668194,30029.0,43629.631578947476,-42.17971704489173,66.66666666666667,-99.74798371661112,,0.0
81,2024-11-21 19:00:00,0.17,0.17,0.17,0.17,0.0,1732219199999,0,0,0,0,0,0.18774000000000002,0.23224517548777682,-0.02464306707379532,-0.027592443632096612,0.0029493765583012907,0.16999999999999987,0.16999999999999987,0.16999999999999987,0.12600814169443933,4.736951571734001e-15,1.578983857244667e-15,100.0,100.0,0.0,0.0,0.0,0.0,0.0025325211594050623,1.4897183290618012,30029.0,43629.631578947476,-34.51069136152364,66.66666666666667,-99.74798371661113,,0.0
82,2024-11-21 20:00:00,0.17,0.17,0.17,0.17,15348.0,1732222799999,2609.1600000,3,0,0,0,0.183305,0.22980418821374635,-0.023336970075638674,-0.026741348920805024,0.0034043788451663497,0.16999999999999987,0.16999999999999987,0.16999999999999987,0.12600814169443933,4.736951571734001e-15,1.578983857244667e-15,0.0,66.66666666666667,0.0,0.0,0.0,0.0,0.0023516267908761297,1.3833098769859586,30029.0,43629.631578947476,-28.23602709455008,66.66666666666667,-99.74798371661112,,0.0
83,2024-11-21 21:00:00,0.17,0.17,0.17,0.17,0.0,1732226399999,0,0,0,0,0,0.17887,0.22745892593085434,-0.022047726329782164,-0.025802624402600453,0.003754898072818289,0.16999999999999987,0.16999999999999987,0.16999999999999987,0.12600814169443933,4.736951571734001e-15,1.578983857244667e-15,0.0,33.333333333333336,0.0,0.0,0.0,0.0,0.002183653448670692,1.2845020286298188,30029.0,43629.631578947476,-23.102207431278657,66.66666666666667,-99.74798371661113,,0.0
84,2024-11-21 22:00:00,0.17,0.17,0.17,0.17,0.0,1732229999999,0,0,0,0,0,0.17443499999999998,0.22520563471787966,-0.020786378935395644,-0.02479937530915949,0.004012996373763848,0.16999999999999987,0.16999999999999987,0.16999999999999987,0.12600814169443933,4.736951571734001e-15,1.578983857244667e-15,0.0,0.0,0.0,0.0,0.0,0.0,0.0020276782023370713,1.192751883727689,30029.0,43629.631578947476,-18.901807802554686,66.66666666666667,-99.74798371661113,,0.0
85,2024-11-21 23:00:00,0.17,0.17,0.17,0.17,0.0,1732233599999,0,0,0,0,0,0.16999999999999998,0.22304070786619812,-0.019561261986113937,-0.02375175264455038,0.004190490658436442,0.16999999999999987,0.16999999999999987,0.16999999999999987,0.12600814169443933,4.736951571734001e-15,1.578983857244667e-15,0.0,0.0,0.0,0.0,0.0,0.0,0.0018828440450272806,1.1075553206042825,30029.0,43629.631578947476,-15.465116336024948,66.66666666666667,-99.74798371661113,,0.0
86,2024-11-22 00:00:00,0.17,0.17,0.17,0.17,0.0,1732237199999,0,0,0,0,0,0.16999999999999998,0.22096068010673936,-0.018378492159911886,-0.022677100547622682,0.004298608387710796,0.16999999999999987,0.16999999999999987,0.16999999999999987,0.12600814169443933,4.736951571734001e-15,1.578983857244667e-15,0.0,0.0,0.0,0.0,0.0,0.0,0.001748355184668189,1.0284442262754052,30029.0,43629.631578947476,-12.653277432800678,66.66666666666667,-99.74798371661113,,0.0
87,2024-11-22 01:00:00,0.17,0.17,0.17,0.17,0.0,1732240799999,0,0,0,0,0,0.16999999999999998,0.21896222206333782,-0.017242379137560854,-0.021590156265610318,0.004347777128049464,0.16999999999999987,0.16999999999999987,0.16999999999999987,0.12600814169443933,4.736951571734001e-15,1.578983857244667e-15,0.0,0.0,0.0,0.0,0.0,0.0,0.001623472671477604,0.9549839243985905,30029.0,43629.631578947476,-10.352681751224736,66.66666666666667,-99.74798371661112,,0.0
88,2024-11-22 02:00:00,0.17,0.17,0.17,0.17,0.0,1732244399999,0,0,0,0,0,0.16999999999999998,0.21704213492359908,-0.016155767748111338,-0.02050327856211052,0.004347510813999183,0.16999999999999987,0.16999999999999987,0.16999999999999987,0.12600814169443933,4.736951571734001e-15,1.578983857244667e-15,0.0,0.0,0.0,0.0,0.0,0.0,0.0015075103378006324,0.8867707869415484,30029.0,43629.631578947476,-8.47037608591927,66.66666666666667,-99.74798371661112,-1.016889707623403,0.0
89,2024-11-22 03:00:00,0.17,0.17,0.17,0.17,0.0,1732247999999,0,0,0,0,0,0.16999999999999998,0.21519734531875206,-0.015120322725059865,-0.01942668739470039,0.004306364669640524,0.16999999999999987,0.16999999999999987,0.16999999999999987,0.12600814169443933,4.736951571734001e-15,1.578983857244667e-15,0.0,0.0,0.0,0.0,0.0,0.0,0.0013998310279577301,0.8234300164457236,30029.0,43629.631578947476,-6.930307760485448,66.66666666666667,-99.74798371661112,-1.0227109844832771,0.0
90,2024-11-22 04:00:00,0.17,0.17,0.17,0.17,0.0,1732251599999,0,0,0,0,0,0.16999999999999998,0.2134249004042912,-0.01413676525429236,-0.018368702966618782,0.004231937712326422,0.16999999999999987,0.16999999999999987,0.16999999999999987,0.12600814169443933,4.736951571734001e-15,1.578983857244667e-15,0.0,0.0,0.0,0.0,0.0,0.0,0.0012998430973893207,0.7646135866996003,30029.0,43629.631578947476,-5.670251830946654,66.66666666666667,-99.74798371661113,-1.027078271821047,0.0
91,2024-11-22 05:00:00,0.1705,0.1939,0.17,0.1939,77418.0,1732255199999,13790.7264000,3,25806,5003.7834000,0,0.17119499999999999,0.21265921803549548,-0.011298516349795978,-0.01695466564325422,0.005656149293458243,0.19390000000000346,0.17477999999999985,0.15565999999999625,58.64881307841794,33.333333333333336,11.111111111111112,100.0,33.333333333333336,0.023899999999999977,-0.0,14.058823529411747,100.0,0.0029141400190043675,1.5029087256340214,107447.0,121047.63157894748,24628.360703033955,466.6666666666772,17.297626156835886,-1.0276076279745028,88.74651103780765
92,2024-11-22 06:00:00,0.1939,0.1939,0.1939,0.1939,0.0,1732258799999,0,0,0,0,0,0.17239,0.21192356242626037,-0.008946059044566107,-0.0153529443235166,0.006406885278950492,0.20297712194101097,0.17955999999999983,0.1561428780589887,58.64881307841795,66.66666666666667,33.333333333333336,100.00000000000001,66.66666666666667,0.023899999999999977,-0.0,14.058823529411747,100.0,0.0027059871605040553,1.3955581023744483,107447.0,121047.63157894748,32466.97693883923,287.77777777777925,17.29762615683589,-1.0246897414289524,88.74651103780765
93,2024-11-22 07:00:00,0.1939,0.1939,0.1939,0.1939,0.0,1732262399999,0,0,0,0,0,0.17358500000000002,0.2112167560566031,-0.007001016323436526,-0.013682558723500585,0.006681542400064059,0.20775712194101095,0.1843399999999998,0.16092287805898867,58.64881307841794,100.0,66.66666666666667,99.99999999999999,100.0,0.023899999999999977,-0.0,14.058823529411747,100.0,0.0025127023633251945,1.2958753807762737,107447.0,121047.63157894748,32722.140222683287,180.30303030303105,17.29762615683589,-1.0186828786312163,88.74651103780765
94,2024-11-22 08:00:00,0.1939,0.1939,0.1939,0.1939,0.0,1732265999999,0,0,0,0,0,0.17478000000000002,0.21053766758379514,-0.005397338791800127,-0.012025514737160493,0.006628175945360366,0.2082400000000052,0.1891199999999998,0.16999999999999438,58.64881307841794,100.0,88.88888888888887,99.99999999999999,100.0,0.023899999999999977,-0.0,14.058823529411747,100.0,0.0023332236230876806,1.2033128535779682,107447.0,121047.63157894748,29851.78518219375,131.51515151515198,17.29762615683589,-1.0099163631353658,100.0
95,2024-11-22 09:00:00,0.1939,0.1939,0.1939,0.1939,0.0,1732269599999,0,0,0,0,0,0.17597500000000005,0.20988521003148944,-0.004079388146879276,-0.01043628941910425,0.006356901272224973,0.1938999999999998,0.1938999999999998,0.1938999999999998,58.64881307841795,100.0,99.99999999999999,100.0,100.0,0.023899999999999977,-0.0,14.058823529411747,100.0,0.002166564792867132,1.1173619354652564,107447.0,121047.63157894748,25963.750376339493,103.70370370370408,17.297626156835893,-0.9986935066607638,100.0
96,2024-11-22 10:00:00,0.1939,0.1939,0.1939,0.1939,0.0,1732273199999,0,0,0,0,0,0.17717000000000005,0.2092583390498624,-0.0030003169789569184,-0.008949094931074783,0.005948777952117864,0.1938999999999998,0.1938999999999998,0.1938999999999998,58.64881307841794,66.66666666666667,88.88888888888887,0.0,66.66666666666667,0.023899999999999977,-0.0,14.058823529411747,100.0,0.002011810164805194,1.0375503686463095,107447.0,121047.63157894748,22012.8497397319,85.7843137254903,17.29762615683589,-0.985294089411104,100.0
97,2024-11-22 11:00:00,0.1939,0.1939,0.1939,0.1939,0.0,1732276799999,0,0,0,0,0,0.17836500000000005,0.20865605124398545,-0.0021206992037589856,-0.007583415785611623,0.0054627165818526375,0.1938999999999998,0.1938999999999998,0.1938999999999998,58.64881307841794,33.333333333333336,66.66666666666666,0.0,33.333333333333336,0.023899999999999977,-0.0,14.058823529411747,100.0,0.00186810943874768,0.963439628028716,107447.0,121047.63157894748,18395.404048416807,73.33333333333329,17.29762615683589,-0.9699764694040103,100.0
98,2024-11-22 12:00:00,0.1939,0.1939,0.1939,0.1939,0.0,1732280399999,0,0,0,0,0,0.17956000000000008,0.20807738256775074,-0.0014073724658830167,-0.006348207121665902,0.004940834655782885,0.1938999999999998,0.1938999999999998,0.1938999999999998,58.64881307841795,0.0,33.33333333333332,100.0,33.333333333333336,0.023899999999999977,-0.0,14.058823529411747,100.0,0.0017346730502657028,0.8946225117409504,107447.0,121047.63157894748,15243.230443022738,64.25120772946843,17.297626156835896,-0.952979386398134,42.857142857142854
99,2024-11-22 13:00:00,0.17,0.17,0.17,0.17,10257.0,1732283999999,1743.6900000,1,0,0,0,0.17956000000000008,0.20658415187881934,-0.002739012514944489,-0.005626368200321619,0.0028873556853771304,0.2082400000000052,0.1891199999999998,0.16999999999999438,28.468802379624258,0.0,11.1111111111111,0.0,33.333333333333336,0.0,-100.0,0.0,89.19531483063916,0.0033179106895324362,1.9517121703131979,97190.0,121047.63157894748,12567.956655086746,-77.77777777777803,-43.06239524075148,-0.9371217542315513,21.428571428571427
100,2024-11-22 14:00:00,0.17,0.17,0.17,0.17,0.0,1732287599999,0,0,0,0,0,0.17956000000000008,0.20514947925612054,-0.003751106427856532,-0.005251315845828602,0.00150020941797207,0.20775712194101095,0.1843399999999998,0.16092287805898867,28.468802379624258,0.0,-1.1842378929335004e-14,0.0,33.333333333333336,0.0,-100.0,0.0,89.19531483063916,0.003080917068851548,1.8123041581479693,97190.0,121047.63157894748,10330.984955014123,-77.77777777777803,-43.06239524075149,-0.9221976160291301,21.428571428571427
101,2024-11-22 15:00:00,0.17,0.17,0.17,0.17,0.0,1732291199999,0,0,0,0,0,0.17956000000000008,0.20377106830490013,-0.0045013098476268665,-0.005101314646188255,0.0006000047985613884,0.20297712194101097,0.17955999999999983,0.1561428780589887,28.468802379624254,0.0,-1.1842378929335004e-14,0.0,4.736951571734001e-15,-0.023899999999999977,-100.0,-12.325941206807622,89.19531483063916,0.0028608515639335806,1.6828538611374,97190.0,121047.63157894748,8476.67971816496,-77.77777777777803,-43.062395240751485,-0.9080257983078321,21.428571428571427
102,2024-11-22 16:00:00,0.17,0.17,0.17,0.17,0.0,1732294799999,0,0,0,0,0,0.17956000000000008,0.20244671268510012,-0.005037779081377092,-0.0050886075332260226,5.0828451848930825e-05,0.19390000000000346,0.17477999999999985,0.15565999999999625,28.468802379624254,0.0,-1.1842378929335004e-14,0.0,4.736951571734001e-15,-0.023899999999999977,-100.0,-12.325941206807622,89.19531483063916,0.0026565050236526107,1.5626500139133002,97190.0,121047.63157894748,6947.493055984392,-77.77777777777803,-43.06239524075149,-0.8944477964825559,21.428571428571427
103,2024-11-22 17:00:00,0.17,0.17,0.17,0.17,0.0,1732298399999,0,0,0,0,0,0.17956000000000008,0.20117429257980207,-0.005400679146778248,-0.005151021855936468,-0.00024965729084177983,0.16999999999999987,0.16999999999999987,0.16999999999999987,28.468802379624247,0.0,-1.1842378929335004e-14,0.0,4.736951571734001e-15,-0.023899999999999977,-100.0,-12.325941206807622,89.19531483063916,0.002466754664820281,1.451032155776636,97190.0,121047.63157894748,5690.326416366501,-77.77777777777803,-43.06239524075149,-0.8813257673352837,21.428571428571427
104,2024-11-22 18:00:00,0.17,0.17,0.17,0.17,0.0,1732301999999,0,0,0,0,0,0.17956000000000008,0.19995177130216277,-0.005623456358738954,-0.005245508756496965,-0.0003779476022419889,0.16999999999999987,0.16999999999999987,0.16999999999999987,28.468802379624254,0.0,-1.1842378929335004e-14,66.66666666666667,22.22222222222223,-0.023899999999999977,-100.0,-12.325941206807622,89.19531483063916,0.0022905579030474037,1.3473870017925902,97190.0,121047.63157894748,4658.728571398591,-77.77777777777803,-43.0623952407515,-0.8685406376767624,21.428571428571427
105,2024-11-22 19:00:00,0.17,0.17,0.17,0.17,0.0,1732305599999,0,0,0,0,0,0.17956000000000008,0.19877719203541128,-0.005733911936671249,-0.005343189392531822,-0.0003907225441394267,0.16999999999999987,0.16999999999999987,0.16999999999999987,28.468802379624247,0.0,-1.1842378929335004e-14,0.0,22.22222222222223,-0.023899999999999977,-100.0,-12.325941206807622,0.0,0.0021269466242583033,1.2511450730931195,97190.0,121047.63157894748,3813.1904919664084,-66.66666666666681,-43.062395240751506,-0.8559903336380015,7.142857142857142
106,2024-11-22 20:00:00,0.17,0.17,0.17,0.17,0.0,1732309199999,0,0,0,0,0,0.17956000000000008,0.19764867470068925,-0.005755107481356964,-0.0054255730102968506,-0.00032953447106011304,0.16999999999999987,0.16999999999999987,0.16999999999999987,28.468802379624247,0.0,-1.1842378929335004e-14,0.0,22.22222222222223,-0.023899999999999977,-100.0,-12.325941206807622,0.0,0.00197502186538271,1.1617775678721822,97190.0,121047.63157894748,3120.6348692926695,-58.333333333333364,-43.062395240751506,-0.8435881314256322,7.142857142857142
107,2024-11-22 21:00:00,0.17,0.17,0.17,0.17,0.0,1732312799999,0,0,0,0,0,0.17956000000000008,0.19656441294772103,-0.005706128406892996,-0.00548168408961608,-0.0002244443172769164,0.16999999999999987,0.16999999999999987,0.16999999999999987,28.468802379624247,0.0,-1.1842378929335004e-14,0.0,4.736951571734001e-15,-0.023899999999999977,-100.0,-12.325941206807622,0.0,0.0018339488749982305,1.078793455881312,97190.0,121047.63157894748,2553.622580990428,-51.85185185185189,-43.062395240751506,-0.8312611277333737,7.142857142857142
108,2024-11-22 22:00:00,0.17,0.17,0.17,0.17,0.0,1732316399999,0,0,0,0,0,0.17956000000000008,0.19552267126349668,-0.005602727383801381,-0.00550589274845314,-9.683463534824154e-05,0.16999999999999987,0.16999999999999987,0.16999999999999987,28.468802379624247,0.0,-1.1842378929335004e-14,0.0,4.736951571734001e-15,-0.023899999999999977,-100.0,-12.325941206807622,0.0,0.0017029525267840712,1.0017367804612183,97190.0,121047.63157894748,2089.515501140384,-46.666666666666586,-43.0623952407515,-0.8189488261258981,7.142857142857142
109,2024-11-22 23:00:00,0.17,0.17,0.17,0.17,0.0,1732319999999,0,0,0,0,0,0.17956000000000008,0.19452178219433994,-0.005457866441107934,-0.005496287486984099,3.8421045876165134e-05,0.16999999999999987,0.16999999999999987,0.16999999999999987,28.468802379624247,0.0,-1.1842378929335004e-14,0.0,4.736951571734001e-15,0.0,-100.0,0.0,0.0,0.0015813130605852091,0.930184153285417,97190.0,121047.63157894748,1709.6975592798844,-42.42424242424251,-43.06239524075149,-0.8066018344391579,7.142857142857142
110,2024-11-23 00:00:00,0.17,0.17,0.17,0.17,0.0,1732323599999,0,0,0,0,0,0.17956000000000008,0.19356014367691485,-0.005282173492375392,-0.005453464688062357,0.0001712911956869654,0.16999999999999987,0.16999999999999987,0.16999999999999987,28.468802379624247,0.0,-1.1842378929335004e-14,0.0,4.736951571734001e-15,0.0,-100.0,0.0,0.0,0.0014683621276862656,0.8637424280507445,97190.0,121047.63157894748,1398.8904413115233,-38.888888888888836,-43.06239524075151,-0.7941806674362284,7.142857142857142
111,2024-11-23 01:00:00,0.17,0.17,0.17,0.17,0.0,1732327199999,0,0,0,0,0,0.17836500000000005,0.19263621647389859,-0.00508432661240113,-0.005379637072930111,0.0002953104605289813,0.16999999999999987,0.16999999999999987,0.16999999999999987,28.468802379624247,0.0,-1.1842378929335004e-14,0.0,4.736951571734001e-15,0.0,-100.0,0.0,0.0,0.001363479118565818,0.8020465403328341,97190.0,121047.63157894748,1144.5702165688854,-35.89743589743554,-43.06239524075151,-0.7816546485106213,7.142857142857142
112,2024-11-23 02:00:00,0.17,0.17,0.17,0.17,0.0,1732330799999,0,0,0,0,0,0.17717000000000005,0.19174852171021628,-0.004871377329089099,-0.005277985124161909,0.0004066077950728095,0.16999999999999987,0.16999999999999987,0.16999999999999987,28.468802379624247,0.0,-1.1842378929335004e-14,0.0,4.736951571734001e-15,0.0,0.0,0.0,0.0,0.001266087752953974,0.7447575017376318,97190.0,121047.63157894748,936.4782867588219,66.66666666666667,-43.06239524075151,-0.7690009040489776,7.142857142857142
113,2024-11-23 03:00:00,0.17,0.17,0.17,0.17,0.0,1732334399999,0,0,0,0,0,0.17597500000000005,0.19089563850589408,-0.0046490224509490585,-0.005152192589519339,0.0005031701385702801,0.16999999999999987,0.16999999999999987,0.16999999999999987,28.468802379624247,0.0,-1.1842378929335004e-14,0.0,4.736951571734001e-15,0.0,0.0,0.0,0.0,0.0011756529134572618,0.691560537327801,97190.0,121047.63157894748,766.2153803129913,66.66666666666667,-43.06239524075151,-0.7562034440815046,7.142857142857142
114,2024-11-23 04:00:00,0.17,0.17,0.17,0.17,0.0,1732337999999,0,0,0,0,0,0.17478000000000002,0.1900762017017414,-0.004421832475757281,-0.005006120566766927,0.0005842880910096456,0.16999999999999987,0.16999999999999987,0.16999999999999987,28.468802379624247,0.0,-1.1842378929335004e-14,0.0,4.736951571734001e-15,0.0,0.0,0.0,0.0,0.0010916777053531716,0.6421633560901009,97190.0,121047.63157894748,626.9064294658019,66.66666666666667,-43.062395240751506,-0.7432523230042065,7.142857142857142
115,2024-11-23 05:00:00,0.17,0.17,0.17,0.17,0.0,1732341599999,0,0,0,0,0,0.17358500000000002,0.1892888996742221,-0.004193443378661066,-0.004843585129145755,0.0006501417504846891,0.16999999999999987,0.16999999999999987,0.16999999999999987,28.468802379624247,0.0,-1.1842378929335004e-14,0.0,4.736951571734001e-15,0.0,0.0,0.0,0.0,0.0010137007263993736,0.5962945449408079,97190.0,121047.63157894748,512.9249105314375,66.66666666666667,-43.0623952407515,-0.7301428744079907,7.142857142857142
116,2024-11-23 06:00:00,0.17,0.17,0.17,0.17,0.0,1732345199999,0,0,0,0,0,0.17239,0.18853247223601732,-0.003966717523344543,-0.004668211607985513,0.00070149408464097,0.16999999999999987,0.16999999999999987,0.16999999999999987,28.468802379624254,0.0,-1.1842378929335004e-14,100.0,33.333333333333336,0.0,0.0,0.0,0.0,0.0009412935316565612,0.5537020774450359,97190.0,121047.63157894748,419.66657000998384,66.66666666666667,-43.06239524075149,-0.7168750143608182,7.142857142857142
117,2024-11-23 07:00:00,0.17,0.17,0.17,0.17,0.0,1732348799999,0,0,0,0,0,0.17119499999999999,0.1878057086189186,-0.00374387854811542,-0.004483344996011494,0.0007394664478960738,0.16999999999999987,0.16999999999999987,0.16999999999999987,28.468802379624258,0.0,-1.1842378929335004e-14,100.0,66.66666666666667,0.0,0.0,0.0,0.0,0.0008740582793953782,0.5141519290561049,97190.0,121047.63157894748,343.3639243412181,66.66666666666667,-43.06239524075149,-0.7034526078358083,7.142857142857142
118,2024-11-23 08:00:00,0.17,0.17,0.17,0.17,0.0,1732352399999,0,0,0,0,0,0.16999999999999998,0.18710744553582376,-0.003526624324809241,-0.004292000861771043,0.0007653765369618022,0.16999999999999987,0.16999999999999987,0.16999999999999987,28.468802379624258,0.0,-1.1842378929335004e-14,100.0,100.0,0.0,0.0,0.0,0.0,0.0008116255451528512,0.47742679126638304,97190.0,121047.63157894748,280.93430344571243,66.66666666666667,-43.06239524075149,-0.689882893339433,7.142857142857142
119,2024-11-23 09:00:00,0.17,0.17,0.17,0.17,0.0,1732355999999,0,0,0,0,0,0.16999999999999998,0.18643656531873262,-0.0033162214509960264,-0.00409684497961604,0.0007806235286200135,0.16999999999999987,0.16999999999999987,0.16999999999999987,28.468802379624258,0.0,-1.1842378929335004e-14,100.0,100.0,0.0,0.0,0.0,0.0,0.0007536522919276476,0.4433248776044985,97190.0,121047.63157894748,229.85543094793684,66.66666666666667,-43.062395240751485,-0.6761759611560336,0.0
120,2024-11-23 10:00:00,0.17,0.17,0.17,0.17,0.0,1732359599999,0,0,0,0,0,0.16999999999999998,0.18579199412976272,-0.003113584197142416,-0.0039001928231213153,0.0007866086259788992,0.16999999999999987,0.16999999999999987,0.16999999999999987,28.468802379624258,0.0,-1.1842378929335004e-14,100.0,100.0,0.0,0.0,0.0,0.0,0.0006998199853613871,0.4116588149184629,97190.0,121047.63157894748,188.06358029448893,66.66666666666667,-43.06239524075149,-0.6623442809785662,0.0
121,2024-11-23 11:00:00,0.17,0.17,0.17,0.17,0.0,1732363199999,0,0,0,0,0,0.16999999999999998,0.18517270024232105,-0.002919340374925,-0.0037040223334820523,0.0007846819585570521,0.16999999999999987,0.16999999999999987,0.16999999999999987,28.468802379624258,0.0,-1.1842378929335004e-14,0.0,66.66666666666667,0.0,0.0,0.0,0.0,0.0006498328435498594,0.38225461385285847,97190.0,121047.63157894748,153.87022500039893,66.66666666666667,-43.06239524075149,-0.6484022750316232,0.0
122,2024-11-23 12:00:00,0.17,0.17,0.17,0.17,0.0,1732366799999,0,0,0,0,0,0.16999999999999998,0.184577692389681,-0.002733886207946401,-0.003509995108374922,0.000776108900428521,0.16999999999999987,0.16999999999999987,0.16999999999999987,28.468802379624258,0.0,-1.1842378929335004e-14,0.0,33.333333333333336,0.0,0.0,0.0,0.0,0.0006034162118677266,0.35495071286336854,97190.0,121047.63157894748,125.89383192552486,66.66666666666667,-43.06239524075148,-0.6343659331098261,0.0
123,2024-11-23 13:00:00,0.17,0.17,0.17,0.17,0.0,1732370399999,0,0,0,0,0,0.16999999999999998,0.18400601817832096,-0.002557431960792833,-0.0033194824788585044,0.0007620505180656713,0.16999999999999987,0.16999999999999987,0.16999999999999987,28.468802379624258,0.0,-1.1842378929335004e-14,0.0,0.0,0.0,0.0,0.0,0.0,0.0005603150538771747,0.32959709051598507,97190.0,121047.63157894748,103.00405003802734,66.66666666666667,-43.06239524075148,-0.6202524662474063,0.0
124,2024-11-23 14:00:00,0.17,0.17,0.17,0.17,0.0,1732373999999,0,0,0,0,0,0.16999999999999998,0.18345676256348484,-0.002390039807486838,-0.003133593944584171,0.0007435541370973331,0.16999999999999987,0.16999999999999987,0.16999999999999987,28.468802379624258,0.0,-1.1842378929335004e-14,0.0,0.0,0.0,0.0,0.0,0.0,0.000520292550028805,0.3060544411934147,97190.0,121047.63157894748,84.27604380788398,66.66666666666667,-43.062395240751485,-0.6060799960040941,0.0
125,2024-11-23 15:00:00,0.17,0.17,0.17,0.17,0.0,1732377599999,0,0,0,0,0,0.16999999999999998,0.18292904638452465,-0.0022316551881446933,-0.0029532061932962756,0.0007215510051515822,0.16999999999999987,0.16999999999999987,0.16999999999999987,28.468802379624254,0.0,-1.1842378929335004e-14,0.0,0.0,0.0,0.0,0.0,0.0,0.000483128796455319,0.2841934096795994,97190.0,121047.63157894748,68.95312818573439,66.66666666666667,-43.062395240751485,-0.5918672765978794,0.0
126,2024-11-23 16:00:00,0.17,0.17,0.17,0.17,0.0,1732381199999,0,0,0,0,0,0.16999999999999998,0.18242202495768053,-0.0020821327064590167,-0.002778991495928824,0.0006968587894698071,0.16999999999999987,0.16999999999999987,0.16999999999999987,28.468802379624258,0.0,-1.1842378929335004e-14,100.0,33.333333333333336,0.0,0.0,0.0,0.0,0.00044861959670851055,0.2638938804167709,97190.0,121047.63157894748,56.41619650524808,66.66666666666667,-43.06239524075149,-0.5776334473356903,0.0
127,2024-11-23 17:00:00,0.17,0.17,0.17,0.17,0.0,1732384799999,0,0,0,0,0,0.16999999999999998,0.181934886724046,-0.0019412574549222683,-0.0026114446877275126,0.0006701872328052443,0.16999999999999987,0.16999999999999987,0.16999999999999987,28.468802379624258,0.0,-1.1842378929335004e-14,100.0,66.66666666666667,0.0,0.0,0.0,0.0,0.00041657533980075977,0.2450443175298587,97190.0,121047.63157894748,46.15870659002394,66.66666666666667,-43.06239524075149,-0.5633978129941153,0.0
128,2024-11-23 18:00:00,0.17,0.17,0.17,0.17,0.0,1732388399999,0,0,0,0,0,0.16999999999999998,0.181466851950554,-0.001808762514773271,-0.0024509082531366643,0.0006421457383633932,0.16999999999999987,0.16999999999999987,0.16999999999999987,28.468802379624258,0.0,-1.1842378929335004e-14,100.0,100.0,0.0,0.0,0.0,0.0,0.00038681995838641976,0.22754115199201164,97190.0,121047.63157894748,37.766214661998674,66.66666666666667,-43.06239524075148,-0.5491796499799029,0.0
129,2024-11-23 19:00:00,0.17,0.17,0.17,0.17,0.0,1732391999999,0,0,0,0,0,0.16999999999999998,0.18101717148190483,-0.0016843432595024244,-0.0022975952544098165,0.0006132519949073921,0.16999999999999987,0.16999999999999987,0.16999999999999987,28.468802379624254,0.0,-1.1842378929335004e-14,0.0,66.66666666666667,0.0,0.0,0.0,0.0,0.00035918996135881834,0.21128821256401076,97190.0,121047.63157894748,30.89963026762416,66.66666666666667,-43.062395240751485,-0.5349980362615248,0.0
130,2024-11-23 20:00:00,0.17,0.17,0.17,0.17,0.0,1732395599999,0,0,0,0,0,0.16999999999999998,0.18058512554143796,-0.0015676689910195385,-0.002151610001731761,0.0005839410107122225,0.16999999999999987,0.16999999999999987,0.16999999999999987,28.468802379624254,0.0,-1.1842378929335004e-14,0.0,33.333333333333336,0.0,0.0,0.0,0.0,0.00033353353554747416,0.19619619738086713,97190.0,121047.63157894748,25.281515718321316,66.66666666666667,-43.06239524075149,-0.5208717032059385,0.0
131,2024-11-23 21:00:00,0.17,0.17,0.17,0.17,0.0,1732399199999,0,0,0,0,0,0.16999999999999998,0.18017002257902864,-0.001458392353421628,-0.0020129664720697346,0.0005545741186481065,0.16999999999999987,0.16999999999999987,0.16999999999999987,28.468802379624254,0.0,-1.1842378929335004e-14,0.0,0.0,0.0,0.0,0.0,0.0,0.0003097097115797974,0.18218218328223376,97190.0,121047.63157894748,20.684876519211684,66.66666666666667,-43.0623952407515,-0.5068189075839835,0.0
132,2024-11-23 22:00:00,0.17,0.17,0.17,0.17,0.0,1732402799999,0,0,0,0,0,0.16999999999999998,0.17977119816416479,-0.001356156898284555,-0.0018816045573126986,0.0005254476590281435,0.16999999999999987,0.16999999999999987,0.16999999999999987,28.468802379624254,0.0,-1.1842378929335004e-14,0.0,0.0,0.0,0.0,0.0,0.0,0.00028758758932409756,0.16916917019064562,97190.0,121047.63157894748,16.92398989055073,66.66666666666667,-43.06239524075149,-0.49285732212348554,0.0
133,2024-11-23 23:00:00,0.17,0.17,0.17,0.17,0.0,1732406399999,0,0,0,0,0,0.16999999999999998,0.17938801392243284,-0.0012606031155043829,-0.0017574042689510354,0.0004968011534466526,0.16999999999999987,0.16999999999999987,0.16999999999999987,28.468802379624254,0.0,-1.1842378929335004e-14,0.0,0.0,0.0,0.0,0.0,0.0,0.0002670456186580906,0.15708565803417093,97190.0,121047.63157894748,13.846900825141347,66.66666666666667,-43.0623952407515,-0.47900394309341454,0.0
134,2024-11-24 00:00:00,0.17,0.17,0.17,0.17,0.0,1732409999999,0,0,0,0,0,0.16999999999999998,0.17901985651370997,-0.001171373193206482,-0.0016401980538021247,0.00046882486059564277,0.16999999999999987,0.16999999999999987,0.16999999999999987,28.468802379624254,0.0,-1.1842378929335004e-14,0.0,0.0,0.0,0.0,0.0,0.0,0.00024797093161108415,0.14586525388887303,97190.0,121047.63157894748,11.329282496124506,66.66666666666667,-43.06239524075149,-0.46527501349752365,0.0
135,2024-11-24 01:00:00,0.17,0.17,0.17,0.17,0.0,1732413599999,0,0,0,0,0,0.16999999999999998,0.17866613665042722,-0.001088114727665901,-0.00152978138857488,0.0004416666609089791,0.16999999999999987,0.16999999999999987,0.16999999999999987,28.468802379624258,0.0,-1.1842378929335004e-14,100.0,33.333333333333336,0.0,0.0,0.0,0.0,0.00023025872221029241,0.13544630718252496,97190.0,121047.63157894748,9.26941295278084,66.66666666666667,-43.06239524075149,-0.45168596054240284,0.0
136,2024-11-24 02:00:00,0.17,0.17,0.1242,0.1242,625463.0,1732417199999,92588.7100000,4,300000,37260.0000000,0,0.16770999999999997,0.1765302097229595,-0.004664044821870106,-0.002156634075233925,-0.0025074107466361807,0.19748000000000168,0.16083999999999984,0.124199999999998,1.7462896077389922,0.0,-1.1842378929335004e-14,0.0,33.333333333333336,-0.04580000000000001,-100.0,-26.941176470588236,0.0,0.0034852402420524147,2.806151563649287,-528273.0,-504415.3684210525,-199003.37048031064,-466.66666666666214,-96.50742078452203,-0.44470420630638996,0.0
137,2024-11-24 03:00:00,0.1242,0.1242,0.1242,0.1242,0.0,1732420799999,0,0,0,0,0,0.16541999999999998,0.17447804463578462,-0.007412547946139825,-0.003207816849415105,-0.00420473109672472,0.196554652087789,0.15167999999999984,0.10680534791221069,1.746289607738992,0.0,-1.1842378929335004e-14,0.0,33.333333333333336,-0.04580000000000001,-100.0,-26.941176470588236,0.0,0.003236294510477242,2.6057121662457665,-528273.0,-504415.3684210525,-262326.41675661743,-287.7777777777767,-96.507420784522,-0.44320290926452843,0.0
138,2024-11-24 04:00:00,0.1242,0.1242,0.1242,0.1242,0.0,1732424399999,0,0,0,0,0,0.16313,0.1725063566108519,-0.009481460103944989,-0.0044625455003210815,-0.005018914603623907,0.18739465208778927,0.1425199999999998,0.09764534791221036,1.7462896077389922,0.0,-1.1842378929335004e-14,8.309271168489973e-16,2.7697570561633244e-16,-0.04580000000000001,-100.0,-26.941176470588236,0.0,0.0030051306168717247,2.419589868656783,-528273.0,-504415.3684210525,-264383.44325541414,-180.30303030302957,-96.50742078452203,-0.4461866286118332,0.0
139,2024-11-24 05:00:00,0.1242,0.1242,0.1242,0.1242,0.0,1732427999999,0,0,0,0,0,0.16084,0.17061198968493613,-0.010994351850328599,-0.005768906770322585,-0.0052254450800060135,0.17000000000000148,0.1333599999999998,0.09671999999999815,1.7462896077389922,0.0,-1.1842378929335004e-14,8.309271168489973e-16,5.539514112326649e-16,-0.04580000000000001,-100.0,-26.941176470588236,0.0,0.002790478429952316,2.2467620208955843,-528273.0,-504415.3684210525,-241190.09561806603,-131.51515151515133,-96.507420784522,-0.45278111449944536,0.0
140,2024-11-24 06:00:00,0.1242,0.1242,0.1242,0.1242,0.0,1732431599999,0,0,0,0,0,0.15855000000000002,0.1687919116580759,-0.012054374137662444,-0.0070260002437905564,-0.005028373893871887,0.1241999999999998,0.1241999999999998,0.1241999999999998,1.7462896077389922,0.0,-1.1842378929335004e-14,100.0,33.333333333333336,-0.04580000000000001,-100.0,-26.941176470588236,0.0,0.002591158542098579,2.086279019403042,-528273.0,-504415.3684210525,-209775.5356193267,-103.70370370370362,-96.50742078452203,-0.4622226615570657,0.0
141,2024-11-24 07:00:00,0.1242,0.1242,0.1242,0.1242,0.0,1732435199999,0,0,0,0,0,0.15626,0.16704320924011212,-0.012747504144688532,-0.008170301023970152,-0.00457720312071838,0.1241999999999998,0.1241999999999998,0.1241999999999998,1.746289607738992,0.0,-1.1842378929335004e-14,0.0,33.333333333333336,-0.04580000000000001,-100.0,-26.941176470588236,0.0,0.002406075789091537,1.937259089445682,-528273.0,-504415.3684210525,-177853.62147263094,-85.78431372549016,-96.50742078452201,-0.47384750002287257,0.0
142,2024-11-24 08:00:00,0.1242,0.1242,0.1242,0.1242,0.0,1732438799999,0,0,0,0,0,0.15397000000000002,0.1653630833875587,-0.013145284017490294,-0.00916529762267418,-0.003979986394816113,0.1241999999999998,0.1241999999999998,0.1241999999999998,1.746289607738992,0.0,-1.1842378929335004e-14,0.0,33.333333333333336,-0.04580000000000001,-100.0,-26.941176470588236,0.0,0.0022342132327278557,1.7988834401995617,-528273.0,-504415.3684210525,-148626.1455514708,-73.33333333333334,-96.507420784522,-0.48708154838787987,0.0
143,2024-11-24 09:00:00,0.1585,0.1585,0.1585,0.1585,300000.0,1732442399999,47550.0000000,1,300000,47550.0000000,0,0.15339500000000003,0.1650939428625564,-0.010570948772335081,-0.00944642785260636,-0.0011245209197287206,0.15850000000000222,0.1310599999999998,0.10361999999999735,54.949011171992055,33.333333333333336,11.1111111111111,100.0,33.333333333333336,-0.01150000000000001,-25.109170305676873,-6.764705882352951,35.27939058438576,0.004524626573247295,2.85465398943047,-228273.0,-504415.3684210525,-123157.98307904432,35.35640007562867,9.898022343984126,-0.4964401220698855,75.49491706795078
144,2024-11-24 10:00:00,0.1585,0.1585,0.1585,0.1585,0.0,1732445999999,0,0,0,0,0,0.15282000000000004,0.16483535686794634,-0.008433552796531602,-0.009243852841391408,0.0008103000448598068,0.17152699927098694,0.1379199999999998,0.10431300072901264,54.94901117199207,66.66666666666667,33.33333333333332,100.0,66.66666666666667,-0.01150000000000001,-25.109170305676873,-6.764705882352951,35.27939058438576,0.004201438960872488,2.6507501330425796,-228273.0,-504415.3684210525,-101543.0090604113,39.51200314836674,9.898022343984124,-0.502370318868095,75.49491706795078
145,2024-11-24 11:00:00,0.1585,0.1585,0.1585,0.1585,0.0,1732449599999,0,0,0,0,0,0.15224500000000005,0.1645869115005759,-0.006662845946012852,-0.008727651462315697,0.0020648055163028454,0.17838699927098717,0.1447799999999998,0.11117300072901244,54.94901117199207,100.0,66.66666666666666,100.0,100.0,-0.01150000000000001,-25.109170305676873,-6.764705882352951,35.27939058438576,0.003901336177953025,2.4614108378252526,-228273.0,-504415.3684210525,-83469.33704729681,44.02051282051292,9.898022343984124,-0.5052747598765617,75.49491706795078
146,2024-11-24 12:00:00,0.1585,0.1585,0.1585,0.1585,0.0,1732453199999,0,0,0,0,0,0.15167000000000005,0.1643482090887886,-0.005199610140666083,-0.008022043197985775,0.0028224330573196916,0.17908000000000224,0.1516399999999998,0.12419999999999737,54.949011171992055,100.0,88.88888888888887,99.99999999999997,100.0,0.0343,-25.109170305676873,27.616747181964563,35.27939058438576,0.0036226693080992378,2.2855957779805918,-228273.0,-504415.3684210525,-68487.44058308663,48.92887746358187,9.898022343984128,-0.5055166378358122,75.49491706795078
147,2024-11-24 13:00:00,0.1585,0.1585,0.1585,0.1585,0.0,1732456799999,0,0,0,0,0,0.15109500000000006,0.16411886755589494,-0.003993945505244373,-0.007216423659437495,0.003222478154193122,0.1584999999999998,0.1584999999999998,0.1584999999999998,54.94901117199207,66.66666666666667,88.88888888888887,100.0,100.0,0.0343,-25.109170305676873,27.616747181964563,35.27939058438576,0.003363907214663578,2.1223389366962637,-228273.0,-504415.3684210525,-56132.35197653825,54.29275947097063,9.898022343984128,-0.5034240073125362,75.49491706795078
148,2024-11-24 14:00:00,0.1585,0.1585,0.1585,0.1585,0.0,1732460399999,0,0,0,0,0,0.15052000000000007,0.16389851980860495,-0.0030038214119054996,-0.006373903209931095,0.0033700817980255957,0.1584999999999998,0.1584999999999998,0.1584999999999998,54.94901117199207,33.333333333333336,66.66666666666666,100.0,100.0,0.0343,-25.109170305676873,27.616747181964563,35.27939058438576,0.0031236281279018938,1.970743298360816,-228273.0,-504415.3684210525,-45975.05645781045,60.17865538316872,9.898022343984136,-0.4992934547989214,75.49491706795078
149,2024-11-24 15:00:00,0.1585,0.1585,0.1585,0.1585,0.0,1732463999999,0,0,0,0,0,0.14994500000000008,0.16368681314944397,-0.002193851579096906,-0.005537892883764257,0.003344041304667351,0.1584999999999998,0.1584999999999998,0.1584999999999998,54.949011171992055,0.0,33.33333333333332,0.0,66.66666666666667,0.0343,-25.109170305676873,27.616747181964563,35.27939058438576,0.0029005118330517584,1.8299759199064722,-228273.0,-504415.3684210525,-37640.24861307541,66.66666666666656,9.898022343984133,-0.49339325962629577,75.49491706795078
150,2024-11-24 16:00:00,0.1585,0.1585,0.1585,0.1585,0.0,1732467599999,0,0,0,0,0,0.14937000000000009,0.16348340871221087,-0.0015342586721489027,-0.0047371660414411865,0.003202907369292284,0.1584999999999998,0.1584999999999998,0.1584999999999998,54.94901117199207,0.0,11.1111111111111,100.0,66.66666666666667,0.0343,-0.0,27.616747181964563,100.0,0.0026933324164052043,1.6992633541988669,-228273.0,-504415.3684210525,-30808.713711767865,58.33333333333332,9.898022343984138,-0.48596613507242425,34.68878187979311
151,2024-11-24 17:00:00,0.1585,0.1585,0.1585,0.1585,0.0,1732471199999,0,0,0,0,0,0.1487950000000001,0.16328798091957514,-0.0009999991732905222,-0.003989732667811054,0.002989733494520532,0.1584999999999998,0.1584999999999998,0.1584999999999998,54.94901117199207,0.0,-1.1842378929335004e-14,100.0,66.66666666666667,0.0343,-0.0,27.616747181964563,100.0,0.002500951529519118,1.5778874003275194,-228273.0,-504415.3684210525,-25213.202732890437,51.85185185185182,9.898022343984143,-0.47723162192233604,34.68878187979311
152,2024-11-24 18:00:00,0.1585,0.1585,0.1585,0.1585,0.0,1732474799999,0,0,0,0,0,0.1482200000000001,0.16310021696194474,-0.0005700237918682405,-0.0033057908926224914,0.002735767100754251,0.1584999999999998,0.1584999999999998,0.1584999999999998,54.94901117199207,0.0,-1.1842378929335004e-14,100.0,100.0,0.0343,-0.0,27.616747181964563,100.0,0.002322312134553467,1.4651811574469824,-228273.0,-504415.3684210525,-20632.020720359636,46.6666666666666,9.898022343984138,-0.46738819304775747,34.68878187979311
153,2024-11-24 19:00:00,0.1585,0.1585,0.1585,0.1585,0.0,1732478399999,0,0,0,0,0,0.1476450000000001,0.16291981629677044,-0.00022665249540498866,-0.002689963213178991,0.0024633107177740024,0.1584999999999998,0.1584999999999998,0.1584999999999998,54.94901117199207,0.0,-1.1842378929335004e-14,100.0,100.0,0.0,-0.0,0.0,100.0,0.0021564326963710765,1.3605253604864838,-228273.0,-504415.3684210525,-16882.26255883713,42.42424242424232,9.89802234398414,-0.4566151165666499,34.68878187979311
154,2024-11-24 20:00:00,0.1585,0.1585,0.1585,0.1585,0.0,1732481999999,0,0,0,0,0,0.14707000000000012,0.16274649016748532,4.495353453520812e-05,-0.002142979863636151,0.002187933398171359,0.1584999999999998,0.1584999999999998,0.1584999999999998,54.94901117199207,0.0,-1.1842378929335004e-14,0.0,66.66666666666667,0.0,-0.0,0.0,100.0,0.002002401789487428,1.2633449775945917,-228273.0,-504415.3684210525,-13813.519441956363,38.88888888888884,9.898022343984145,-0.44507411626888427,34.68878187979311
155,2024-11-24 21:00:00,0.1585,0.1585,0.1585,0.1585,0.0,1732485599999,0,0,0,0,0,0.14649500000000013,0.16257996114130943,0.00025723799064750197,-0.0016629362927794203,0.0019201742834269223,0.1584999999999998,0.1584999999999998,0.1584999999999998,54.949011171992076,0.0,-1.1842378929335004e-14,100.0,66.66666666666667,0.0,-0.0,0.0,100.0,0.0018593730902383262,1.1731060506235496,-228273.0,-504415.3684210525,-11302.350035781856,35.89743589743575,9.89802234398415,-0.43291086081364005,34.68878187979311
156,2024-11-24 22:00:00,0.1585,0.1585,0.1585,0.1585,0.0,1732489199999,0,0,0,0,0,0.14821000000000012,0.16241996266517966,0.0004206262341469036,-0.0012462237873941556,0.0016668500215410592,0.1584999999999998,0.1584999999999998,0.1584999999999998,54.949011171992076,0.0,-1.1842378929335004e-14,100.0,66.66666666666667,0.0,0.0,0.0,100.0,0.0017265607266498744,1.0893127612932962,-228273.0,-504415.3684210525,-9247.567093639402,-66.66666666666667,9.89802234398415,-0.4202563073822385,34.68878187979311
